--
-- PostgreSQL database dump
--

-- Dumped from database version 14.0
-- Dumped by pg_dump version 14.0

SET statement_timeout = 0;
SET lock_timeout = 0;
SET idle_in_transaction_session_timeout = 0;
SET client_encoding = 'UTF8';
SET standard_conforming_strings = on;
SELECT pg_catalog.set_config('search_path', '', false);
SET check_function_bodies = false;
SET xmloption = content;
SET client_min_messages = warning;
SET row_security = off;

SET default_tablespace = '';

SET default_table_access_method = heap;

--
-- Name: device; Type: TABLE; Schema: public; Owner: -
--

CREATE TABLE public.device (
    id integer NOT NULL,
    baseline double precision NOT NULL,
    description character varying(255) NOT NULL,
    location character varying(255) NOT NULL,
    max_energy_consumption double precision NOT NULL,
    sensor_id integer NOT NULL
);


--
-- Name: device_id_seq; Type: SEQUENCE; Schema: public; Owner: -
--

CREATE SEQUENCE public.device_id_seq
    AS integer
    START WITH 1
    INCREMENT BY 1
    NO MINVALUE
    NO MAXVALUE
    CACHE 1;


--
-- Name: device_id_seq; Type: SEQUENCE OWNED BY; Schema: public; Owner: -
--

ALTER SEQUENCE public.device_id_seq OWNED BY public.device.id;


--
-- Name: hibernate_sequence; Type: SEQUENCE; Schema: public; Owner: -
--

CREATE SEQUENCE public.hibernate_sequence
    START WITH 1
    INCREMENT BY 1
    NO MINVALUE
    NO MAXVALUE
    CACHE 1;


--
-- Name: monitored_value; Type: TABLE; Schema: public; Owner: -
--

CREATE TABLE public.monitored_value (
    id integer NOT NULL,
    date_time timestamp without time zone,
    value double precision,
    sensor_id integer
);


--
-- Name: monitored_value_id_seq; Type: SEQUENCE; Schema: public; Owner: -
--

CREATE SEQUENCE public.monitored_value_id_seq
    AS integer
    START WITH 1
    INCREMENT BY 1
    NO MINVALUE
    NO MAXVALUE
    CACHE 1;


--
-- Name: monitored_value_id_seq; Type: SEQUENCE OWNED BY; Schema: public; Owner: -
--

ALTER SEQUENCE public.monitored_value_id_seq OWNED BY public.monitored_value.id;


--
-- Name: person; Type: TABLE; Schema: public; Owner: -
--

CREATE TABLE public.person (
    id integer NOT NULL,
    address character varying(255) NOT NULL,
    birth_date date NOT NULL,
    name character varying(255) NOT NULL,
    password character varying(120) NOT NULL,
    role character varying(255) NOT NULL,
    username character varying(20) NOT NULL
);


--
-- Name: person_devices; Type: TABLE; Schema: public; Owner: -
--

CREATE TABLE public.person_devices (
    person_id integer NOT NULL,
    device_id integer NOT NULL
);


--
-- Name: person_id_seq; Type: SEQUENCE; Schema: public; Owner: -
--

CREATE SEQUENCE public.person_id_seq
    AS integer
    START WITH 1
    INCREMENT BY 1
    NO MINVALUE
    NO MAXVALUE
    CACHE 1;


--
-- Name: person_id_seq; Type: SEQUENCE OWNED BY; Schema: public; Owner: -
--

ALTER SEQUENCE public.person_id_seq OWNED BY public.person.id;


--
-- Name: sensor; Type: TABLE; Schema: public; Owner: -
--

CREATE TABLE public.sensor (
    id integer NOT NULL,
    description character varying(255) NOT NULL,
    max_value double precision
);


--
-- Name: sensor_id_seq; Type: SEQUENCE; Schema: public; Owner: -
--

CREATE SEQUENCE public.sensor_id_seq
    AS integer
    START WITH 1
    INCREMENT BY 1
    NO MINVALUE
    NO MAXVALUE
    CACHE 1;


--
-- Name: sensor_id_seq; Type: SEQUENCE OWNED BY; Schema: public; Owner: -
--

ALTER SEQUENCE public.sensor_id_seq OWNED BY public.sensor.id;


--
-- Name: device id; Type: DEFAULT; Schema: public; Owner: -
--

ALTER TABLE ONLY public.device ALTER COLUMN id SET DEFAULT nextval('public.device_id_seq'::regclass);


--
-- Name: monitored_value id; Type: DEFAULT; Schema: public; Owner: -
--

ALTER TABLE ONLY public.monitored_value ALTER COLUMN id SET DEFAULT nextval('public.monitored_value_id_seq'::regclass);


--
-- Name: person id; Type: DEFAULT; Schema: public; Owner: -
--

ALTER TABLE ONLY public.person ALTER COLUMN id SET DEFAULT nextval('public.person_id_seq'::regclass);


--
-- Name: sensor id; Type: DEFAULT; Schema: public; Owner: -
--

ALTER TABLE ONLY public.sensor ALTER COLUMN id SET DEFAULT nextval('public.sensor_id_seq'::regclass);


--
-- Data for Name: device; Type: TABLE DATA; Schema: public; Owner: -
--

COPY public.device (id, baseline, description, location, max_energy_consumption, sensor_id) FROM stdin;
1	20	TV	Living Room	200	2
2	30	PC	Bedroom	300	3
\.


--
-- Data for Name: monitored_value; Type: TABLE DATA; Schema: public; Owner: -
--

COPY public.monitored_value (id, date_time, value, sensor_id) FROM stdin;
1	2021-11-04 16:12:57.583001	0	2
2	2021-11-04 16:12:57.632802	0	3
3	2021-11-04 16:13:27.569462	0.16111111111111112	2
4	2021-11-04 16:13:27.582397	0.24166666666666667	3
5	2021-11-04 16:13:57.574681	0.3277777777777778	2
6	2021-11-04 16:13:57.593221	0.4916666666666667	3
7	2021-11-04 16:14:27.579614	0.49444444444444446	2
8	2021-11-04 16:14:27.605586	0.7416666666666667	3
9	2021-11-04 16:14:57.568325	0.6555555555555556	2
10	2021-11-04 16:14:57.585277	0.9833333333333334	3
11	2021-11-04 16:15:27.586379	0.8222222222222222	2
12	2021-11-04 16:15:27.611309	1.2333333333333334	3
13	2021-11-04 16:15:57.582694	0.9833333333333333	2
14	2021-11-04 16:15:57.603638	1.475	3
15	2021-11-04 18:16:17.821659	41.09444444444445	2
16	2021-11-04 18:16:18.035089	61.641666666666666	3
17	2021-11-04 18:16:47.636927	41.25555555555556	2
18	2021-11-04 18:16:47.66984	61.88333333333333	3
19	2021-11-04 18:17:17.650891	41.422222222222224	2
20	2021-11-04 18:17:17.727686	62.13333333333333	3
21	2021-11-04 18:17:47.646426	41.583333333333336	2
22	2021-11-04 18:17:47.675348	62.375	3
23	2021-11-04 18:18:17.646016	41.74444444444445	2
24	2021-11-04 18:18:17.674595	62.61666666666667	3
25	2021-11-04 18:41:52.446128	49.6	2
26	2021-11-04 18:41:52.552906	74.4	3
27	2021-11-04 20:34:07.363967	87.01111111111112	2
28	2021-11-04 20:34:07.508581	130.51666666666668	3
29	2021-11-04 20:34:37.111586	87.17222222222223	2
30	2021-11-04 20:34:37.153474	130.75833333333335	3
31	2021-11-04 20:35:07.112351	87.3388888888889	2
32	2021-11-04 20:35:07.15025	131.00000000000003	3
33	2021-11-04 20:35:37.115547	87.50555555555557	2
34	2021-11-04 20:35:37.144987	131.2416666666667	3
35	2021-11-04 20:36:07.120717	87.67222222222225	2
36	2021-11-04 20:36:07.147151	131.4916666666667	3
37	2021-11-04 21:23:27.157973	103.45000000000002	2
38	2021-11-04 21:23:27.251849	155.15833333333336	3
39	2021-11-04 21:23:57.019747	103.61111111111113	2
40	2021-11-04 21:23:57.053581	155.40000000000003	3
41	2021-11-04 21:24:27.020136	103.7777777777778	2
42	2021-11-04 21:24:27.053047	155.6416666666667	3
43	2021-11-04 21:24:57.026298	103.94444444444447	2
44	2021-11-04 21:24:57.080152	155.8916666666667	3
\.


--
-- Data for Name: person; Type: TABLE DATA; Schema: public; Owner: -
--

COPY public.person (id, address, birth_date, name, password, role, username) FROM stdin;
1	Address	1998-01-01	Name	$2a$10$qJDnmCjsDQeoJ6TmKzq9zOHGyJyOmFMPpHbRrF.RCGtLe.kglsXSq	ADMINISTRATOR	admin
2	Str. Lunii Nr. 5 Cluj-Napoca	1999-01-01	Maria	$2a$10$U2eSQcrYnfvQQmhO1Y2DTO4qHBQhJIiMNR.earQeXXhbEPG6oa2iq	CLIENT	maria
\.


--
-- Data for Name: person_devices; Type: TABLE DATA; Schema: public; Owner: -
--

COPY public.person_devices (person_id, device_id) FROM stdin;
2	1
2	2
\.


--
-- Data for Name: sensor; Type: TABLE DATA; Schema: public; Owner: -
--

COPY public.sensor (id, description, max_value) FROM stdin;
2	Sensor for PC	103.7777777777778
3	Sensor for TV	155.6416666666667
\.


--
-- Name: device_id_seq; Type: SEQUENCE SET; Schema: public; Owner: -
--

SELECT pg_catalog.setval('public.device_id_seq', 2, true);


--
-- Name: hibernate_sequence; Type: SEQUENCE SET; Schema: public; Owner: -
--

SELECT pg_catalog.setval('public.hibernate_sequence', 1, false);


--
-- Name: monitored_value_id_seq; Type: SEQUENCE SET; Schema: public; Owner: -
--

SELECT pg_catalog.setval('public.monitored_value_id_seq', 44, true);


--
-- Name: person_id_seq; Type: SEQUENCE SET; Schema: public; Owner: -
--

SELECT pg_catalog.setval('public.person_id_seq', 2, true);


--
-- Name: sensor_id_seq; Type: SEQUENCE SET; Schema: public; Owner: -
--

SELECT pg_catalog.setval('public.sensor_id_seq', 3, true);


--
-- Name: device device_pkey; Type: CONSTRAINT; Schema: public; Owner: -
--

ALTER TABLE ONLY public.device
    ADD CONSTRAINT device_pkey PRIMARY KEY (id);


--
-- Name: monitored_value monitored_value_pkey; Type: CONSTRAINT; Schema: public; Owner: -
--

ALTER TABLE ONLY public.monitored_value
    ADD CONSTRAINT monitored_value_pkey PRIMARY KEY (id);


--
-- Name: person person_pkey; Type: CONSTRAINT; Schema: public; Owner: -
--

ALTER TABLE ONLY public.person
    ADD CONSTRAINT person_pkey PRIMARY KEY (id);


--
-- Name: sensor sensor_pkey; Type: CONSTRAINT; Schema: public; Owner: -
--

ALTER TABLE ONLY public.sensor
    ADD CONSTRAINT sensor_pkey PRIMARY KEY (id);


--
-- Name: person_devices uk_55mrwpik7i8d6lkqbb76o2x92; Type: CONSTRAINT; Schema: public; Owner: -
--

ALTER TABLE ONLY public.person_devices
    ADD CONSTRAINT uk_55mrwpik7i8d6lkqbb76o2x92 UNIQUE (device_id);


--
-- Name: device uk_5lxtimqshinyl712c21yltixj; Type: CONSTRAINT; Schema: public; Owner: -
--

ALTER TABLE ONLY public.device
    ADD CONSTRAINT uk_5lxtimqshinyl712c21yltixj UNIQUE (sensor_id);


--
-- Name: person_devices fk30vgd9pqpb75px1gke8vlstod; Type: FK CONSTRAINT; Schema: public; Owner: -
--

ALTER TABLE ONLY public.person_devices
    ADD CONSTRAINT fk30vgd9pqpb75px1gke8vlstod FOREIGN KEY (person_id) REFERENCES public.person(id);


--
-- Name: monitored_value fk4ks666h8yy66og1f3ak9hr5vb; Type: FK CONSTRAINT; Schema: public; Owner: -
--

ALTER TABLE ONLY public.monitored_value
    ADD CONSTRAINT fk4ks666h8yy66og1f3ak9hr5vb FOREIGN KEY (sensor_id) REFERENCES public.sensor(id);


--
-- Name: device fkiyue38c0yw9lbg5856a6e846o; Type: FK CONSTRAINT; Schema: public; Owner: -
--

ALTER TABLE ONLY public.device
    ADD CONSTRAINT fkiyue38c0yw9lbg5856a6e846o FOREIGN KEY (sensor_id) REFERENCES public.sensor(id);


--
-- Name: person_devices fkjxrqumr4h2352cqugunvkxv39; Type: FK CONSTRAINT; Schema: public; Owner: -
--

ALTER TABLE ONLY public.person_devices
    ADD CONSTRAINT fkjxrqumr4h2352cqugunvkxv39 FOREIGN KEY (device_id) REFERENCES public.device(id);


--
-- PostgreSQL database dump complete
--

